product_name,keyword
Dhanwantharam Oil,kerala ayurveda dhanwantharam thailam
Dhanwantharam Oil,kerala ayurveda dhanwantharam thailam reviews
Dhanwantharam Oil,kerala ayurveda dhanwantharam thailam 200 ml
Dhanwantharam Oil,dhanwantharam thailam kerala ayurveda
Dhanwantharam Oil,kerala ayurveda dhanwantharam oil
Dhanwantharam Oil,kerala ayurveda dhanwantharam thailam uses
Dhanwantharam Oil,dhanwantharam thailam
Dhanwantharam Oil,dhanvantaram tailam
Dhanwantharam Oil,dhanwantharam thailam uses
Dhanwantharam Oil,dhanvantara taila
Dhanwantharam Oil,dhanwantharam oil
Dhanwantharam Oil,dhanwantharam kuzhambu
Dhanwantharam Oil,dhanvantaram tailam uses
Dhanwantharam Oil,dhanwantharam thailam benefits
Dhanwantharam Oil,dhanvantara taila uses
Dhanwantharam Oil,dhanwantaram tailam
Dhanwantharam Oil,dhanwantharam
Dhanwantharam Oil,dhanwantharam kuzhambu uses in pregnancy
Dhanwantharam Oil,dhanwantharam thailam uses in pregnancy
Dhanwantharam Oil,dhanwantharam thailam benefits for skin
Dhanwantharam Oil,dhanwantharam oil uses
Dhanwantharam Oil,dhanwantaram taila
Dhanwantharam Oil,dhanwantharam kashayam uses
Dhanwantharam Oil,dhanwantharam gulika side effects
Dhanwantharam Oil,dhanvantara gutika uses
Dhanwantharam Oil,dhanwantharam kuzhambu benefits
Dhanwantharam Oil,dhanwantharam kuzhambu uses
Dhanwantharam Oil,dhanwantharam oil benefits
Dhanwantharam Oil,dhanwantharam thailam ingredients
Dhanwantharam Oil,dhanwantharam thailam how to use
Dhanwantharam Oil,dhanwantharam 101 side effects
Dhanwantharam Oil,dhanwantaram
Dhanwantharam Oil,dhanvantaram
Dhanwantharam Oil,dhanwantharam 101 benefits
Dhanwantharam Oil,dhanwantharam kuzhambu for skin whitening
Dhanwantharam Oil,dhanwantharam 101 avarthi
Dhanwantharam Oil,dhanwantaram oil
Dhanwantharam Oil,dhanvantara taila benefits
Dhanwantharam Oil,dhanwantharam thailam for face
Dhanwantharam Oil,dhanwantharam 101 drops how to use
Dhanwantharam Oil,dhanwantharam taila
Dhanwantharam Oil,dhanvantaram kuzhampu
Dhanwantharam Oil,dhanwantari oil
Dhanwantharam Oil,dhanwantharam 101 drops benefits
Dhanwantharam Oil,dhanwantharam thailam price
Dhanwantharam Oil,difference between dhanwantharam thailam and dhanwantharam kuzhambu
Dhanwantharam Oil,dhanvantaram kuzhampu uses
Dhanwantharam Oil,ayurvedic medicine for weight gain for female
Dhanwantharam Oil,ayurvedic massage oil for pregnancy
Dhanwantharam Oil,ayurvedic oil for stretch marks during pregnancy
Dhanwantharam Oil,ayurvedic oil for post natal massage
Dhanwantharam Oil,ayurvedic oil for pregnancy
Dhanwantharam Oil,ayurvedic massage oil for post pregnancy
Dhanwantharam Oil,ayurvedic oil massage during pregnancy
Dhanwantharam Oil,post pregnancy massage oil ayurvedic
Dhanwantharam Oil,ayurvedic oil during pregnancy
Dhanwantharam Oil,ayurvedic pain relief oil
Dhanwantharam Oil,pain relief oil ayurvedic
Dhanwantharam Oil,ayurvedic oil for pain relief
Dhanwantharam Oil,ayurvedic oil for pain
Dhanwantharam Oil,ayurvedic pain oil
Dhanwantharam Oil,kerala ayurvedic pain relief oil
Dhanwantharam Oil,ayurveda pain relief oil
Dhanwantharam Oil,nice medicine uses
Dhanwantharam Oil,herbal pain relief oil
Dhanwantharam Oil,body pain relief oil
Dhanwantharam Oil,oil for pain relief
Dhanwantharam Oil,pain relief oil at home
Dhanwantharam Oil,quick pain relief oil
Dhanwantharam Oil,relief oil for pain
Dhanwantharam Oil,patanjali manjistha powder
Dhanwantharam Oil,kerala ayurveda mult
Dhanwantharam Oil,kerala ayurveda oil
Dhanwantharam Oil,kottakkal dhanwantharam thailam uses
Dhanwantharam Oil,kottakkal dhanwantharam thailam
Dhanwantharam Oil,dhanwantharam thailam kottakkal
Dhanwantharam Oil,kottakkal dhanwantharam kuzhambu uses
Dhanwantharam Oil,best ayurvedic oil during pregnancy
Dhanwantharam Oil,best pain relief oil in ayurveda
Dhanwantharam Oil,best pain relief oil
Dhanwantharam Oil,best ayurvedic pain relief oil
Dhanwantharam Oil,best ayurvedic medicine for neurological problems
Dhanwantharam Oil,best pain oil
Dhanwantharam Oil,best pain relief oil in india
Dhanwantharam Oil,best oil for pain relief
Dhanwantharam Oil,best ayurvedic oil for ligament tear
Dhanwantharam Oil,best ayurvedic oil for bone fracture
Dhanwantharam Oil,best oil for body pain
Dhanwantharam Oil,best ayurvedic oil for frozen shoulder
Dhanwantharam Oil,best ayurvedic oil
Dhanwantharam Oil,postpartum depression
Dhanwantharam Oil,postpartum
Dhanwantharam Oil,puerperium
Dhanwantharam Oil,postpartum psychosis
Dhanwantharam Oil,postnatal
Dhanwantharam Oil,post natal care
Dhanwantharam Oil,postpartum depression symptoms
Dhanwantharam Oil,प्रसवोत्तर अवसाद
Dhanwantharam Oil,postpartum blues
Dhanwantharam Oil,postnatal assessment
Dhanwantharam Oil,delivery pain symptoms
Dhanwantharam Oil,delivery symptoms in 9th month
Dhanwantharam Oil,delivery ke bad
Dhanwantharam Oil,post natal
Dhanwantharam Oil,delivery symptoms
Dhanwantharam Oil,postpartum bleeding
Dhanwantharam Oil,postnatal mother
Dhanwantharam Oil,post delivery care near me
Dhanwantharam Oil,puerperal psychosis
Dhanwantharam Oil,delivery time symptoms
Dhanwantharam Oil,post delivery care
Dhanwantharam Oil,डिलीवरी के बाद
Dhanwantharam Oil,maternity care
Dhanwantharam Oil,postpartum anxiety
Dhanwantharam Oil,symptoms of delivery pain
Dhanwantharam Oil,postpartum depression treatment
Dhanwantharam Oil,after postpartum
Dhanwantharam Oil,after delivery care near me
Dhanwantharam Oil,after delivery care
Dhanwantharam Oil,post delivery care centres near me
Dhanwantharam Oil,postnatal examination
Dhanwantharam Oil,how many days bleeding after delivery
Dhanwantharam Oil,postpartum bleeding duration
Dhanwantharam Oil,postpartum lochia infection
Dhanwantharam Oil,what happens if you don't wait 6 weeks after birth
Dhanwantharam Oil,bleeding after delivery how many days
Dhanwantharam Oil,post natal assessment
Dhanwantharam Oil,after delivery bleeding
Dhanwantharam Oil,symptoms of delivery time is near
Dhanwantharam Oil,postnatal health education
Dhanwantharam Oil,pelvic pain after delivery
Dhanwantharam Oil,postpartum symptoms
Dhanwantharam Oil,postnatal advice
Dhanwantharam Oil,menstruation after delivery
Dhanwantharam Oil,symptoms of postpartum depression
Dhanwantharam Oil,postpartum complications
Dhanwantharam Oil,postpartum depression causes
Dhanwantharam Oil,postpartum body
Dhanwantharam Oil,pre and post natal
Dhanwantharam Oil,causes of postpartum depression
Dhanwantharam Oil,puerperal psychosis causes
Dhanwantharam Oil,symptoms of delivery time
Dhanwantharam Oil,postnatal clinic
Dhanwantharam Oil,pain oil
Dhanwantharam Oil,ayurvedic oil
Dhanwantharam Oil,morning sickness symptoms
Dhanwantharam Oil,fallopian tube blockage symptoms
Dhanwantharam Oil,early miscarriage symptoms 2 weeks
Dhanwantharam Oil,5 reasons a man's private organ may become small
Dhanwantharam Oil,नसों के दर्द का तेल
Dhanwantharam Oil,symptoms of baby turning head down
Dhanwantharam Oil,symptoms of baby girl
Dhanwantharam Oil,pain oil ayurvedic
Dhanwantharam Oil,dard ka tel
Dhanwantharam Oil,symptoms of conceiving
Dhanwantharam Oil,kerala oil
Dhanwantharam Oil,अर्धांगवायू घरगुती उपचार
Dhanwantharam Oil,girl baby symptoms
Dhanwantharam Oil,miscarriage symptoms at 8 weeks
Dhanwantharam Oil,melanin increase food
Dhanwantharam Oil,why do i suddenly feel sad and cry for no reason
Dhanwantharam Oil,why am i crying for no reason
Dhanwantharam Oil,cervical polyp symptoms
Dhanwantharam Oil,intranatal care
Dhanwantharam Oil,pain oil name list
Dhanwantharam Oil,reasons for c-section at 37 weeks
Dhanwantharam Oil,why do i feel like crying for no reason
Dhanwantharam Oil,cervicitis treatment at home
Dhanwantharam Oil,symptoms of miscarriage early
Dhanwantharam Oil,baby head engaged symptoms
Dhanwantharam Oil,labour symptoms
Dhanwantharam Oil,causes of onset of labour
Dhanwantharam Oil,महामंजिष्ठादि काढ़ा
Dhanwantharam Oil,does gond katira increase weight
Dhanwantharam Oil,revand chini benefits
Dhanwantharam Oil,दर्द नाशक तेल बनाने की विधि
Dhanwantharam Oil,mother and child care
Dhanwantharam Oil,cervical infection symptoms
Dhanwantharam Oil,mother treatment
Dhanwantharam Oil,baby dropping symptoms
Dhanwantharam Oil,preterm birth symptoms
Dhanwantharam Oil,मंजिष्ठा का पौधा
Dhanwantharam Oil,anti inflammatory ayurvedic medicine
Dhanwantharam Oil,rhukot liniment
Dhanwantharam Oil,ധാന്വന്തരം ഗുളിക ഉപയോഗം
Dhanwantharam Oil,7 month baby food chart with time
Dhanwantharam Oil,symptoms of having baby boy
Dhanwantharam Oil,pain in nipples reason
Dhanwantharam Oil,sign and symptoms of cervical cancer
Dhanwantharam Oil,low amniotic fluid symptoms
Dhanwantharam Oil,father treatment
Dhanwantharam Oil,food chart for 9 months baby to gain weight
Dhanwantharam Oil,antinatal care
Dhanwantharam Oil,baby conceive symptoms
Dhanwantharam Oil,मंजिष्ठा चूर्ण के फायदे
Dhanwantharam Oil,fruit mulethi tree
Dhanwantharam Oil,indian madder
Dhanwantharam Oil,manjishtadi kashayam for skin
Dhanwantharam Oil,महामंजिष्ठादि क्वाथ
Dhanwantharam Oil,महामंजिष्ठादि क्वाथ के फायदे
Dhanwantharam Oil,महामंजिष्ठादि
Dhanwantharam Oil,body pain oil
Dhanwantharam Oil,painkiller oil
Dhanwantharam Oil,ayurvedic medicine for body pain
Dhanwantharam Oil,दर्द निवारक तेल
Dhanwantharam Oil,जोड़ों के दर्द के लिए आयुर्वेदिक तेल
Dhanwantharam Oil,which oil good for health
Dhanwantharam Oil,ധന്വന്തരം തൈലം ഉപയോഗം
Dhanwantharam Oil,pregnency symptoms
Dhanwantharam Oil,causes of labour
Dhanwantharam Oil,cervicitis causes
Dhanwantharam Oil,type of lochia
Dhanwantharam Oil,breast care health education
Dhanwantharam Oil,estrogen and progesterone foods
Dhanwantharam Oil,early labour symptoms
Dhanwantharam Oil,baby head down position symptoms
Dhanwantharam Oil,braxton hicks symptoms
Dhanwantharam Oil,manjishtha powder
Dhanwantharam Oil,manjishtha benefits
Dhanwantharam Oil,manjishtadi kadha
Dhanwantharam Oil,jeshthamadh powder benefits
Dhanwantharam Oil,belgiri powder benefits
Dhanwantharam Oil,मजीठ का उपयोग
Dhanwantharam Oil,manjishtadi kashayam benefits
Dhanwantharam Oil,दर्द निवारक आयुर्वेदिक तेल
Dhanwantharam Oil,relief oil
Dhanwantharam Oil,दर्द का तेल
Dhanwantharam Oil,ayurvedic pain relief
Dhanwantharam Oil,लकवा में कौन सा तेल लगाना चाहिए?
Dhanwantharam Oil,pain relief ayurvedic medicine
Dhanwantharam Oil,oil pain
Dhanwantharam Oil,dard ka oil
Dhanwantharam Oil,dental treatment insurance
Dhanwantharam Oil,ante natal care
Dhanwantharam Oil,pnd causes
Dhanwantharam Oil,symptoms of labour
Dhanwantharam Oil,chronic cervicitis symptoms
Dhanwantharam Oil,mother and baby care
Dhanwantharam Oil,symptoms of internal os opening
Dhanwantharam Oil,signs and symptoms of labour
Dhanwantharam Oil,manjishtadi
Dhanwantharam Oil,त्वचा को गोरा करने के लिए मंजिष्ठा पाउडर
Dhanwantharam Oil,manibhadra lehyam uses
Dhanwantharam Oil,ayurvedic painkiller
Dhanwantharam Oil,herbal pain oil
Dhanwantharam Oil,oil ayurvedic
Dhanwantharam Oil,लकवा का तेल बनाने की विधि बताइए
Dhanwantharam Oil,medicated oil
Dhanwantharam Oil,धनवंतरी तेल के फायदे
Dhanwantharam Oil,ധന്വന്തരം കുഴമ്പ് ഉപയോഗം
Dhanwantharam Oil,தன்வந்திரி தைலம் பயன்கள்
Dhanwantharam Oil,pre labour symptoms
Dhanwantharam Oil,maternal care
Dhanwantharam Oil,sign and symptoms of first stage of labour
Dhanwantharam Oil,anti natal care
Dhanwantharam Oil,sign and symptoms of third stage of labour
Dhanwantharam Oil,pain relief ayurvedic oil
Dhanwantharam Oil,medical oil
Dhanwantharam Oil,brihanmanjishthadi
Dhanwantharam Oil,மூட்டு வலி தைலம்
Dhanwantharam Oil,मंजिष्ठादि क्वाथ के फायदे
Dhanwantharam Oil,pain oil price
Dhanwantharam Oil,dhanwantram oil
Dhanwantharam Oil,manjishtadi kashayam for weight loss
Dhanwantharam Oil,brihanmanjishthadi kvathachooran
Dhanwantharam Oil,manjishtadi kwath uses
Dhanwantharam Oil,pain care oil
Dhanwantharam Oil,oil for body pain
Dhanwantharam Oil,pain oil images
Dhanwantharam Oil,ayurvedic oil name list
Dhanwantharam Oil,धनवंतरी तेल
Dhanwantharam Oil,kuzhambu oil
Dhanwantharam Oil,manjistha powder
Dhanwantharam Oil,manjistha
Dhanwantharam Oil,manjistha benefits
Dhanwantharam Oil,manjistha benefits for skin
Dhanwantharam Oil,manjistha powder benefits
Dhanwantharam Oil,manjistha powder uses
Dhanwantharam Oil,how to use manjistha for skin whitening
Dhanwantharam Oil,manjistha plant
Dhanwantharam Oil,manjishtadi churna
Dhanwantharam Oil,manjistha soap benefits
Dhanwantharam Oil,manjistha powder for skin
Dhanwantharam Oil,manjistha uses
Dhanwantharam Oil,manjistha oil
Dhanwantharam Oil,manjistha plant images
Dhanwantharam Oil,manjisthadi kwath
Dhanwantharam Oil,manjistha powder for face
Dhanwantharam Oil,what is manjistha
Dhanwantharam Oil,manjistha churna
Dhanwantharam Oil,manjistha for skin whitening
Dhanwantharam Oil,manjistha powder uses for skin
Dhanwantharam Oil,manjistha tree
Dhanwantharam Oil,manjistha powder side effects for skin
Dhanwantharam Oil,manjistha ke fayde
Dhanwantharam Oil,manjistha for skin
Dhanwantharam Oil,benefits of manjistha
Dhanwantharam Oil,manjistha in english
Dhanwantharam Oil,manjishtadi thailam uses
Dhanwantharam Oil,manjistha syrup
Dhanwantharam Oil,manjistha oil benefits for skin
Dhanwantharam Oil,manjistha oil benefits
Dhanwantharam Oil,manjistha powder benefits for skin
Dhanwantharam Oil,manjistha powder for skin whitening
Dhanwantharam Oil,manjistha easy ayurveda
Dhanwantharam Oil,manjistharishta
Dhanwantharam Oil,manjistha uses for skin
Dhanwantharam Oil,manjistha face pack for skin whitening
Dhanwantharam Oil,manjistha side effects
Dhanwantharam Oil,manjistha oil for skin whitening
Dhanwantharam Oil,how to use manjistha powder
Dhanwantharam Oil,manjistha churna benefits
Dhanwantharam Oil,manjistha kwath
Dhanwantharam Oil,manjistha kadha
Dhanwantharam Oil,manjishtadi kwath
Dhanwantharam Oil,manjishtha uses
Dhanwantharam Oil,manjista
Dhanwantharam Oil,manjishtha
Dhanwantharam Oil,uses of manjistha
Dhanwantharam Oil,is manjistha good for skin
Dhanwantharam Oil,manjistha botanical name
Dhanwantharam Oil,benefits of manjistha for skin
Dhanwantharam Oil,manjistha capsules
Dhanwantharam Oil,manjistha other names
Dhanwantharam Oil,manjistha kadha benefits
Dhanwantharam Oil,manjistha herb
Dhanwantharam Oil,manjistha skin benefits
Dhanwantharam Oil,manjistha benefits for face
Dhanwantharam Oil,postpartum meaning
Dhanwantharam Oil,postnatal care
Dhanwantharam Oil,puerperium meaning
Dhanwantharam Oil,maternity meaning
Dhanwantharam Oil,what is postpartum depression
Dhanwantharam Oil,postnatal diet
Dhanwantharam Oil,what is postpartum
Dhanwantharam Oil,puerperium definition
Dhanwantharam Oil,what is epidural delivery
Dhanwantharam Oil,postpartum care
Dhanwantharam Oil,postnatal care definition
Dhanwantharam Oil,postnatal care chart
Dhanwantharam Oil,what is maternity
Dhanwantharam Oil,after c section diet
Dhanwantharam Oil,physiological changes during puerperium
Dhanwantharam Oil,5 importance of postnatal care
Dhanwantharam Oil,health education postnatal care
Dhanwantharam Oil,postnatal meaning
Dhanwantharam Oil,types of postnatal exercises
Dhanwantharam Oil,define puerperium
Dhanwantharam Oil,how to stop postpartum bleeding faster
Dhanwantharam Oil,diet after c section delivery
Dhanwantharam Oil,what to eat after delivery
Dhanwantharam Oil,postnatal diet health education
Dhanwantharam Oil,diet for postnatal mother
Dhanwantharam Oil,10 importance of postnatal care
Dhanwantharam Oil,post natal meaning
Dhanwantharam Oil,how to overcome postpartum depression
Dhanwantharam Oil,pre and post natal meaning
Dhanwantharam Oil,postnatal care plan
Dhanwantharam Oil,importance of postnatal diet
Dhanwantharam Oil,postnatal diet definition
Dhanwantharam Oil,postnatal care health education
Dhanwantharam Oil,how to reduce body pain after delivery
Dhanwantharam Oil,postnatal care of mother
Dhanwantharam Oil,meaning of postpartum
Dhanwantharam Oil,how to know delivery is near
Dhanwantharam Oil,what is postnatal care
Dhanwantharam Oil,definition of postnatal care
Dhanwantharam Oil,postpartum depression definition
Dhanwantharam Oil,postnatal diet introduction
Dhanwantharam Oil,what is cervical
Dhanwantharam Oil,postmortem meaning
Dhanwantharam Oil,cervical meaning
Dhanwantharam Oil,what is the purpose of
Dhanwantharam Oil,dhanwantharam thailam
Dhanwantharam Oil,dhanwantaram tailam
Dhanwantharam Oil,dhanwantharam oil
Dhanwantharam Oil,dhanvantaram tailam
Dhanwantharam Oil,dhanvantara taila
Dhanwantharam Oil,dhanwantharam thailam uses
Dhanwantharam Oil,dhanwantharam kuzhambu
Dhanwantharam Oil,dhanvantaram tailam uses
Dhanwantharam Oil,dhanwantharam
Dhanwantharam Oil,dhanwantharam thailam benefits
Dhanwantharam Oil,dhanwantharam gulika benefits
Dhanwantharam Oil,dhanwantharam 101
Dhanwantharam Oil,dhanvantaram gutika
Dhanwantharam Oil,dhanwantara taila
Dhanwantharam Oil,dhanwantaram taila
Dhanwantharam Oil,dhanwantaram
Dhanwantharam Oil,dhanwantharam thailam ingredients
Dhanwantharam Oil,dhanvantaram tailam benefits
Dhanwantharam Oil,dhanvantari oil massage
Dhanwantharam Oil,dhanwantharam kuzhambu how to use
Dhanwantharam Oil,benefits of dhanwantharam thailam
Dhanwantharam Oil,dhanwantaram ghritam
Dhanwantharam Oil,dhanwantharam oil ingredients
Dhanwantharam Oil,dhanwantharam thailam oil
Dhanwantharam Oil,dhanwantharam thailam price
Dhanwantharam Oil,dhanwantharam kuzhambu for face
Dhanwantharam Oil,dhanwantharam thailam for pregnancy
Dhanwantharam Oil,use of dhanwantharam thailam
Dhanwantharam Oil,uses of dhanwantharam thailam
Dhanwantharam Oil,dhanendra thailam
Dhanwantharam Oil,dhanwantharam gulika price
Dhanwantharam Oil,dhanwantharam kuzhambu oil
Dhanwantharam Oil,dhanwantharam kuzhambu price
Dhanwantharam Oil,dhanwantharam oil price
Dhanwantharam Oil,dhanwantharam thailam malayalam
Dhanwantharam Oil,dhanwantharam uses
Dhanwantharam Oil,benefits of dhanwantharam kuzhambu
Dhanwantharam Oil,dhanvantaram taila
Dhanwantharam Oil,dhanwantharam enna
Dhanwantharam Oil,dhanwantharam thailam 101
Dhanwantharam Oil,dhanwantharam thailam vaidyaratnam
Dhanwantharam Oil,dhanvantara taila use
Dhanwantharam Oil,dhanvantaram tailam online
Dhanwantharam Oil,dhanwantaram tailam ingredients
Dhanwantharam Oil,dhanwantharam kuzhambu for pregnancy
Dhanwantharam Oil,dhanwantharam kuzhambu for stretch marks
Dhanwantharam Oil,dhanwantharam kuzhambu online
Dhanwantharam Oil,dhanwantharam kuzhambu pregnancy
Dhanwantharam Oil,dhanwantharam massage oil
Dhanwantharam Oil,dhanwantharam oil for pregnancy
Dhanwantharam Oil,dhanwantharam thailam 21
Dhanwantharam Oil,dhanwantharam thailam avp
Dhanwantharam Oil,dhanwantharam thailam buy online
Dhanwantharam Oil,ayurvedic medicine dhanwantharam
Dhanwantharam Oil,dhanwantharam thailam easy ayurveda
Dhanwantharam Oil,nagarjuna dhanwantharam thailam
Dhanwantharam Oil,vaidyaratnam dhanwantharam thailam
Dhanwantharam Oil,dhanwantharam oil planet ayurveda
Dhanwantharam Oil,kerala ayurveda dhanwantharam thailam
Dhanwantharam Oil,kerala ayurveda dhanwantharam thailam uses
